Latitude,Longitude,Year,Temperature
-0.8,42.59,1900,80.3399
-0.8,42.59,1901,79.81925
-0.8,42.59,1902,80.01124999999999
-0.8,42.59,1903,79.95124999999999
-0.8,42.59,1904,79.30175
-0.8,42.59,1905,79.74289999999999
-0.8,42.59,1906,79.11739999999999
-0.8,42.59,1907,79.08994999999999
-0.8,42.59,1908,79.6901
-0.8,42.59,1909,79.19825
-0.8,42.59,1910,80.01725
-0.8,42.59,1911,79.1954
-0.8,42.59,1912,78.851
-0.8,42.59,1913,80.0111
-0.8,42.59,1914,80.44669999999999
-0.8,42.59,1915,80.07575
-0.8,42.59,1916,79.80695
-0.8,42.59,1917,79.7603
-0.8,42.59,1918,79.50815
-0.8,42.59,1919,80.49875
-0.8,42.59,1920,79.00205000000001
-0.8,42.59,1921,79.48835
-0.8,42.59,1922,79.3007
-0.8,42.59,1923,79.22615
-0.8,42.59,1924,79.69895
-0.8,42.59,1925,79.51714999999999
-0.8,42.59,1926,79.96535
-0.8,42.59,1927,79.7399
-0.8,42.59,1928,79.72625
-0.8,42.59,1929,80.4197
-0.8,42.59,1930,80.05205
-0.8,42.59,1931,80.5424
-0.8,42.59,1932,80.20715
-0.8,42.59,1933,80.07770000000001
-0.8,42.59,1934,80.37815
-0.8,42.59,1935,80.2238
-0.8,42.59,1936,80.34904999999999
-0.8,42.59,1937,79.91929999999999
-0.8,42.59,1938,79.6424
-0.8,42.59,1939,80.25935
-0.8,42.59,1940,80.85155
-0.8,42.59,1941,80.86280000000001
-0.8,42.59,1942,80.23205
-0.8,42.59,1943,80.4419
-0.8,42.59,1944,79.9076
-0.8,42.59,1945,80.54375
-0.8,42.59,1946,79.9256
-0.8,42.59,1947,80.2529
-0.8,42.59,1948,80.3969
-0.8,42.59,1949,80.51405
-0.8,42.59,1950,79.93835
-0.8,42.59,1951,80.06225
-0.8,42.59,1952,80.96945000000001
-0.8,42.59,1953,80.624
-0.8,42.59,1954,80.435
-0.8,42.59,1955,80.32430000000001
-0.8,42.59,1956,80.0642
-0.8,42.59,1957,80.2733
-0.8,42.59,1958,80.684
-0.8,42.59,1959,80.75495
-0.8,42.59,1960,80.1605
-0.8,42.59,1961,80.10995
-0.8,42.59,1962,80.69945
-0.8,42.59,1963,79.5749
-0.8,42.59,1964,79.38755
-0.8,42.59,1965,79.7954
-0.8,42.59,1966,79.895
-0.8,42.59,1967,80.2895
-0.8,42.59,1968,79.33115
-0.8,42.59,1969,80.57495
-0.8,42.59,1970,80.46154999999999
-0.8,42.59,1971,79.74395
-0.8,42.59,1972,80.73125
-0.8,42.59,1973,80.7893
-0.8,42.59,1974,80.2076
-0.8,42.59,1975,80.29355
-0.8,42.59,1976,80.3831
-0.8,42.59,1977,80.61935
-0.8,42.59,1978,80.6273
-0.8,42.59,1979,80.57045
-0.8,42.59,1980,81.14645
-0.8,42.59,1981,80.66825
-0.8,42.59,1982,80.67845
-0.8,42.59,1983,81.6161
-0.8,42.59,1984,80.22935
-0.8,42.59,1985,80.3438
-0.8,42.59,1986,80.6957
-0.8,42.59,1987,81.4208
-0.8,42.59,1988,81.47465
-0.8,42.59,1989,80.37755
-0.8,42.59,1990,80.645
-0.8,42.59,1991,80.9186
-0.8,42.59,1992,81.04310000000001
-0.8,42.59,1993,80.56085
-0.8,42.59,1994,80.7077
-0.8,42.59,1995,80.76155
-0.8,42.59,1996,80.73695000000001
-0.8,42.59,1997,80.63885
-0.8,42.59,1998,81.23689999999999
-0.8,42.59,1999,80.90705
-0.8,42.59,2000,81.13775
-0.8,42.59,2001,81.1196
-0.8,42.59,2002,81.23315
-0.8,42.59,2003,81.70265
-0.8,42.59,2004,81.51065
-0.8,42.59,2005,81.85069999999999
-0.8,42.59,2006,81.31835
-0.8,42.59,2007,81.83045
-0.8,42.59,2008,81.31039999999999
-0.8,42.59,2009,82.04599999999999
-0.8,42.59,2010,81.76835
-0.8,42.59,2011,82.0253
-0.8,42.59,2012,81.9473
-0.8,42.59,2013,81.61160000000001
0.8,42.59,1900,81.2147
0.8,42.59,1901,80.8505
0.8,42.59,1902,80.94305
0.8,42.59,1903,80.88425000000001
0.8,42.59,1904,80.4302
0.8,42.59,1905,80.69239999999999
0.8,42.59,1906,80.13035
0.8,42.59,1907,80.051
0.8,42.59,1908,80.62295
0.8,42.59,1909,80.20115
0.8,42.59,1910,81.38195
0.8,42.59,1911,80.35055
0.8,42.59,1912,79.8749
0.8,42.59,1913,80.7953
0.8,42.59,1914,81.3314
0.8,42.59,1915,81.23554999999999
0.8,42.59,1916,80.83625
0.8,42.59,1917,80.70035
0.8,42.59,1918,80.53535
0.8,42.59,1919,81.5174
0.8,42.59,1920,80.20505
0.8,42.59,1921,80.57554999999999
0.8,42.59,1922,80.39779999999999
0.8,42.59,1923,80.14475
0.8,42.59,1924,80.67545
0.8,42.59,1925,80.5034
0.8,42.59,1926,80.77475
0.8,42.59,1927,80.4584
0.8,42.59,1928,80.3876
0.8,42.59,1929,81.58355
0.8,42.59,1930,81.257
0.8,42.59,1931,81.8006
0.8,42.59,1932,81.34835000000001
0.8,42.59,1933,81.31025
0.8,42.59,1934,81.5183
0.8,42.59,1935,81.2396
0.8,42.59,1936,81.39349999999999
0.8,42.59,1937,80.75914999999999
0.8,42.59,1938,80.60195
0.8,42.59,1939,81.28490000000001
0.8,42.59,1940,81.8726
0.8,42.59,1941,81.8483
0.8,42.59,1942,81.26360000000001
0.8,42.59,1943,81.6731
0.8,42.59,1944,80.8514
0.8,42.59,1945,81.8453
0.8,42.59,1946,80.8031
0.8,42.59,1947,81.2093
0.8,42.59,1948,81.42545
0.8,42.59,1949,81.55834999999999
0.8,42.59,1950,80.83175
0.8,42.59,1951,81.0752
0.8,42.59,1952,81.97925000000001
0.8,42.59,1953,81.6785
0.8,42.59,1954,81.37355
0.8,42.59,1955,81.38810000000001
0.8,42.59,1956,81.185
0.8,42.59,1957,81.20075
0.8,42.59,1958,81.72395
0.8,42.59,1959,81.89255
0.8,42.59,1960,81.15425
0.8,42.59,1961,81.161
0.8,42.59,1962,81.68405
0.8,42.59,1963,80.58245
0.8,42.59,1964,80.35849999999999
0.8,42.59,1965,80.85425000000001
0.8,42.59,1966,80.68775
0.8,42.59,1967,81.33305
0.8,42.59,1968,80.2973
0.8,42.59,1969,81.5303
0.8,42.59,1970,81.45575
0.8,42.59,1971,80.7347
0.8,42.59,1972,81.73610000000001
0.8,42.59,1973,81.88159999999999
0.8,42.59,1974,81.34145
0.8,42.59,1975,81.27905
0.8,42.59,1976,81.4757
0.8,42.59,1977,81.6569
0.8,42.59,1978,81.58024999999999
0.8,42.59,1979,81.64805
0.8,42.59,1980,82.34555
0.8,42.59,1981,81.7334
0.8,42.59,1982,81.62495
0.8,42.59,1983,82.64615
0.8,42.59,1984,81.32615
0.8,42.59,1985,81.30155
0.8,42.59,1986,81.6935
0.8,42.59,1987,82.56515
0.8,42.59,1988,82.51925
0.8,42.59,1989,81.36710000000001
0.8,42.59,1990,81.4748
0.8,42.59,1991,81.86014999999999
0.8,42.59,1992,82.03145
0.8,42.59,1993,81.4046
0.8,42.59,1994,81.6698
0.8,42.59,1995,81.6164
0.8,42.59,1996,81.75695
0.8,42.59,1997,81.5738
0.8,42.59,1998,82.0013
0.8,42.59,1999,81.96755
0.8,42.59,2000,82.2803
0.8,42.59,2001,82.20755
0.8,42.59,2002,82.2221
0.8,42.59,2003,82.66805
0.8,42.59,2004,82.52074999999999
0.8,42.59,2005,82.9289
0.8,42.59,2006,82.3463
0.8,42.59,2007,82.82419999999999
0.8,42.59,2008,82.3817
0.8,42.59,2009,83.1344
0.8,42.59,2010,82.83994999999999
0.8,42.59,2011,83.0654
0.8,42.59,2012,82.9262
0.8,42.59,2013,82.54242500000001
2.41,45.8,1900,80.65475
2.41,45.8,1901,80.1434
2.41,45.8,1902,80.40215
2.41,45.8,1903,80.2496
2.41,45.8,1904,80.12570000000001
2.41,45.8,1905,80.48675
2.41,45.8,1906,79.98455
2.41,45.8,1907,79.6856
2.41,45.8,1908,79.95485
2.41,45.8,1909,79.92875
2.41,45.8,1910,81.1859
2.41,45.8,1911,80.1539
2.41,45.8,1912,79.75234999999999
2.41,45.8,1913,80.2373
2.41,45.8,1914,80.80685
2.41,45.8,1915,80.66435000000001
2.41,45.8,1916,80.46124999999999
2.41,45.8,1917,80.53025
2.41,45.8,1918,80.22605
2.41,45.8,1919,81.0545
2.41,45.8,1920,80.20535000000001
2.41,45.8,1921,80.35204999999999
2.41,45.8,1922,80.03975
2.41,45.8,1923,79.7795
2.41,45.8,1924,80.52380000000001
2.41,45.8,1925,79.9451
2.41,45.8,1926,80.3828
2.41,45.8,1927,80.01124999999999
2.41,45.8,1928,81.0425
2.41,45.8,1929,81.34025
2.41,45.8,1930,80.88980000000001
2.41,45.8,1931,81.6191
2.41,45.8,1932,80.87195
2.41,45.8,1933,80.6795
2.41,45.8,1934,80.5703
2.41,45.8,1935,80.59190000000001
2.41,45.8,1936,80.55005
2.41,45.8,1937,80.7197
2.41,45.8,1938,80.19800000000001
2.41,45.8,1939,80.82230000000001
2.41,45.8,1940,81.52925
2.41,45.8,1941,81.40010000000001
2.41,45.8,1942,81.0281
2.41,45.8,1943,80.9
2.41,45.8,1944,81.19579999999999
2.41,45.8,1945,81.2462
2.41,45.8,1946,80.73304999999999
2.41,45.8,1947,80.76335
2.41,45.8,1948,81.19069999999999
2.41,45.8,1949,81.05420000000001
2.41,45.8,1950,80.411
2.41,45.8,1951,81.0719
2.41,45.8,1952,81.43145
2.41,45.8,1953,81.2579
2.41,45.8,1954,80.7491
2.41,45.8,1955,80.86355
2.41,45.8,1956,80.6255
2.41,45.8,1957,81.03784999999999
2.41,45.8,1958,81.23885
2.41,45.8,1959,81.40729999999999
2.41,45.8,1960,80.9771
2.41,45.8,1961,81.22715
2.41,45.8,1962,81.4388
2.41,45.8,1963,80.10695
2.41,45.8,1964,80.1644
2.41,45.8,1965,80.20475
2.41,45.8,1966,80.41385
2.41,45.8,1967,80.85365
2.41,45.8,1968,80.23535
2.41,45.8,1969,81.61189999999999
2.41,45.8,1970,81.1058
2.41,45.8,1971,80.411
2.41,45.8,1972,81.35990000000001
2.41,45.8,1973,81.38284999999999
2.41,45.8,1974,81.0641
2.41,45.8,1975,80.64815
2.41,45.8,1976,80.74055
2.41,45.8,1977,81.19279999999999
2.41,45.8,1978,81.64085
2.41,45.8,1979,81.44915
2.41,45.8,1980,81.6074
2.41,45.8,1981,81.3254
2.41,45.8,1982,81.38675
2.41,45.8,1983,82.18114999999999
2.41,45.8,1984,80.864
2.41,45.8,1985,81.02600000000001
2.41,45.8,1986,81.27185
2.41,45.8,1987,81.85895000000001
2.41,45.8,1988,81.986
2.41,45.8,1989,81.08359999999999
2.41,45.8,1990,81.23405
2.41,45.8,1991,81.57695000000001
2.41,45.8,1992,81.9065
2.41,45.8,1993,80.97245000000001
2.41,45.8,1994,81.36755000000001
2.41,45.8,1995,81.30695
2.41,45.8,1996,81.21350000000001
2.41,45.8,1997,81.33845
2.41,45.8,1998,81.8597
2.41,45.8,1999,81.69065
2.41,45.8,2000,82.01735000000001
2.41,45.8,2001,81.82204999999999
2.41,45.8,2002,81.9923
2.41,45.8,2003,82.45925
2.41,45.8,2004,82.1357
2.41,45.8,2005,82.5464
2.41,45.8,2006,82.0094
2.41,45.8,2007,82.55255
2.41,45.8,2008,81.94175
2.41,45.8,2009,82.8056
2.41,45.8,2010,82.44605
2.41,45.8,2011,82.89515
2.41,45.8,2012,82.7411
2.41,45.8,2013,82.294475
8.84,44.59,1900,74.00285
8.84,44.59,1901,73.76180000000001
8.84,44.59,1902,73.85855000000001
8.84,44.59,1903,73.5005
8.84,44.59,1904,73.96805
8.84,44.59,1905,73.98440000000001
8.84,44.59,1906,73.69925
8.84,44.59,1907,73.23515
8.84,44.59,1908,72.99935
8.84,44.59,1909,73.72295
8.84,44.59,1910,75.07759999999999
8.84,44.59,1911,74.45105
8.84,44.59,1912,73.58255
8.84,44.59,1913,73.41755
8.84,44.59,1914,74.1698
8.84,44.59,1915,75.11030000000001
8.84,44.59,1916,73.64179999999999
8.84,44.59,1917,73.74575
8.84,44.59,1918,73.47200000000001
8.84,44.59,1919,74.52770000000001
8.84,44.59,1920,74.35430000000001
8.84,44.59,1921,73.8515
8.84,44.59,1922,73.48205
8.84,44.59,1923,73.5242
8.84,44.59,1924,74.29384999999999
8.84,44.59,1925,73.95665
8.84,44.59,1926,74.44355
8.84,44.59,1927,73.6652
8.84,44.59,1928,74.10125
8.84,44.59,1929,74.3186
8.84,44.59,1930,74.21149999999999
8.84,44.59,1931,74.561
8.84,44.59,1932,73.5059
8.84,44.59,1933,74.4497
8.84,44.59,1934,73.304
8.84,44.59,1935,73.8341
8.84,44.59,1936,73.9244
8.84,44.59,1937,73.3346
8.84,44.59,1938,73.763
8.84,44.59,1939,74.3387
8.84,44.59,1940,74.8589
8.84,44.59,1941,75.36680000000001
8.84,44.59,1942,75.0059
8.84,44.59,1943,74.4881
8.84,44.59,1944,74.82245
8.84,44.59,1945,74.80505000000001
8.84,44.59,1946,74.4077
8.84,44.59,1947,74.5409
8.84,44.59,1948,74.5664
8.84,44.59,1949,74.31155
8.84,44.59,1950,73.67345
8.84,44.59,1951,74.6177
8.84,44.59,1952,74.53715
8.84,44.59,1953,74.88499999999999
8.84,44.59,1954,74.4299
8.84,44.59,1955,73.45925
8.84,44.59,1956,73.3802
8.84,44.59,1957,74.02445
8.84,44.59,1958,75.31385
8.84,44.59,1959,74.49215000000001
8.84,44.59,1960,74.13335
8.84,44.59,1961,74.64845
8.84,44.59,1962,73.97569999999999
8.84,44.59,1963,74.29085
8.84,44.59,1964,74.35625
8.84,44.59,1965,73.6265
8.84,44.59,1966,74.16515
8.84,44.59,1967,73.97285000000001
8.84,44.59,1968,73.75385
8.84,44.59,1969,74.6198
8.84,44.59,1970,74.5463
8.84,44.59,1971,74.13335
8.84,44.59,1972,75.18245
8.84,44.59,1973,74.99675
8.84,44.59,1974,73.8491
8.84,44.59,1975,73.7999
8.84,44.59,1976,74.10470000000001
8.84,44.59,1977,74.9354
8.84,44.59,1978,75.10685000000001
8.84,44.59,1979,75.1424
8.84,44.59,1980,75.716
8.84,44.59,1981,74.61575
8.84,44.59,1982,74.82485
8.84,44.59,1983,75.21979999999999
8.84,44.59,1984,74.291
8.84,44.59,1985,74.27
8.84,44.59,1986,74.63885
8.84,44.59,1987,75.36155
8.84,44.59,1988,75.52234999999999
8.84,44.59,1989,74.32655
8.84,44.59,1990,75.03275
8.84,44.59,1991,75.20734999999999
8.84,44.59,1992,75.05585
8.84,44.59,1993,74.38685
8.84,44.59,1994,75.00319999999999
8.84,44.59,1995,75.07339999999999
8.84,44.59,1996,75.02375
8.84,44.59,1997,75.04415
8.84,44.59,1998,75.8735
8.84,44.59,1999,75.5102
8.84,44.59,2000,76.17169999999999
8.84,44.59,2001,75.58054999999999
8.84,44.59,2002,75.64295
8.84,44.59,2003,76.11635000000001
8.84,44.59,2004,75.89840000000001
8.84,44.59,2005,76.14079999999998
8.84,44.59,2006,75.98015000000001
8.84,44.59,2007,76.19285
8.84,44.59,2008,75.2552
8.84,44.59,2009,76.43494999999999
8.84,44.59,2010,76.184
8.84,44.59,2011,76.37809999999999
8.84,44.59,2012,76.3862
8.84,44.59,2013,77.281475
10.45,45.0,1900,80.88980000000001
10.45,45.0,1901,80.62819999999999
10.45,45.0,1902,80.8118
10.45,45.0,1903,80.3348
10.45,45.0,1904,80.86415
10.45,45.0,1905,80.8715
10.45,45.0,1906,80.63075
10.45,45.0,1907,80.16725
10.45,45.0,1908,79.83635
10.45,45.0,1909,80.7932
10.45,45.0,1910,81.85640000000001
10.45,45.0,1911,81.38165
10.45,45.0,1912,80.5058
10.45,45.0,1913,80.22785
10.45,45.0,1914,80.95685
10.45,45.0,1915,82.0382
10.45,45.0,1916,80.3909
10.45,45.0,1917,80.6246
10.45,45.0,1918,80.28035
10.45,45.0,1919,81.25805
10.45,45.0,1920,81.3107
10.45,45.0,1921,80.6975
10.45,45.0,1922,80.22215
10.45,45.0,1923,80.33975
10.45,45.0,1924,81.07849999999999
10.45,45.0,1925,80.73965
10.45,45.0,1926,81.4721
10.45,45.0,1927,80.84135
10.45,45.0,1928,81.09514999999999
10.45,45.0,1929,81.12065
10.45,45.0,1930,81.0392
10.45,45.0,1931,81.2861
10.45,45.0,1932,80.3294
10.45,45.0,1933,81.1475
10.45,45.0,1934,80.09015
10.45,45.0,1935,80.70275
10.45,45.0,1936,81.02404999999999
10.45,45.0,1937,80.0414
10.45,45.0,1938,80.6087
10.45,45.0,1939,81.19115000000001
10.45,45.0,1940,81.62780000000001
10.45,45.0,1941,82.2683
10.45,45.0,1942,81.99244999999999
10.45,45.0,1943,81.4247
10.45,45.0,1944,81.67385
10.45,45.0,1945,81.73745
10.45,45.0,1946,81.221
10.45,45.0,1947,81.4577
10.45,45.0,1948,81.50645
10.45,45.0,1949,81.13895000000001
10.45,45.0,1950,80.49380000000001
10.45,45.0,1951,81.4613
10.45,45.0,1952,81.21665
10.45,45.0,1953,81.59585
10.45,45.0,1954,81.2426
10.45,45.0,1955,80.32249999999999
10.45,45.0,1956,80.26939999999999
10.45,45.0,1957,80.74295000000001
10.45,45.0,1958,81.98315
10.45,45.0,1959,81.29585
10.45,45.0,1960,81.05494999999999
10.45,45.0,1961,81.51635
10.45,45.0,1962,80.86535
10.45,45.0,1963,81.26015
10.45,45.0,1964,81.2465
10.45,45.0,1965,80.4764
10.45,45.0,1966,81.30065
10.45,45.0,1967,81.06245
10.45,45.0,1968,80.87780000000001
10.45,45.0,1969,81.64250000000001
10.45,45.0,1970,81.4427
10.45,45.0,1971,81.1733
10.45,45.0,1972,82.0715
10.45,45.0,1973,81.83225
10.45,45.0,1974,80.68805
10.45,45.0,1975,80.5157
10.45,45.0,1976,80.88364999999999
10.45,45.0,1977,81.9017
10.45,45.0,1978,82.0721
10.45,45.0,1979,81.89030000000001
10.45,45.0,1980,82.47995
10.45,45.0,1981,81.55924999999999
10.45,45.0,1982,81.60725000000001
10.45,45.0,1983,81.93334999999999
10.45,45.0,1984,81.00905
10.45,45.0,1985,81.1022
10.45,45.0,1986,81.35345
10.45,45.0,1987,81.97040000000001
10.45,45.0,1988,82.39115
10.45,45.0,1989,81.1796
10.45,45.0,1990,81.9947
10.45,45.0,1991,82.1087
10.45,45.0,1992,81.8144
10.45,45.0,1993,81.2321
10.45,45.0,1994,81.9989
10.45,45.0,1995,82.0085
10.45,45.0,1996,81.8711
10.45,45.0,1997,82.1027
10.45,45.0,1998,82.9463
10.45,45.0,1999,82.4927
10.45,45.0,2000,83.32489999999999
10.45,45.0,2001,82.5275
10.45,45.0,2002,82.5386
10.45,45.0,2003,83.0564
10.45,45.0,2004,82.84355
10.45,45.0,2005,83.12165
10.45,45.0,2006,83.00465
10.45,45.0,2007,83.1413
10.45,45.0,2008,82.2347
10.45,45.0,2009,83.23415
10.45,45.0,2010,83.1011
10.45,45.0,2011,83.1602
10.45,45.0,2012,83.2979
10.45,45.0,2013,84.374375
13.66,43.76,1900,78.28685
13.66,43.76,1901,78.12365
13.66,43.76,1902,78.35045
13.66,43.76,1903,77.88965
13.66,43.76,1904,78.39155
13.66,43.76,1905,78.31115
13.66,43.76,1906,78.104
13.66,43.76,1907,77.6897
13.66,43.76,1908,77.7116
13.66,43.76,1909,78.35495
13.66,43.76,1910,78.5303
13.66,43.76,1911,78.3572
13.66,43.76,1912,77.79815
13.66,43.76,1913,77.68985
13.66,43.76,1914,78.6656
13.66,43.76,1915,79.34885
13.66,43.76,1916,77.4002
13.66,43.76,1917,77.5574
13.66,43.76,1918,77.38504999999999
13.66,43.76,1919,78.7787
13.66,43.76,1920,78.57005000000001
13.66,43.76,1921,77.87105
13.66,43.76,1922,77.5199
13.66,43.76,1923,77.98415
13.66,43.76,1924,78.6092
13.66,43.76,1925,78.40835
13.66,43.76,1926,79.1159
13.66,43.76,1927,78.5687
13.66,43.76,1928,78.65645
13.66,43.76,1929,78.63155
13.66,43.76,1930,78.42904999999999
13.66,43.76,1931,78.7064
13.66,43.76,1932,77.94919999999999
13.66,43.76,1933,78.2882
13.66,43.76,1934,78.18005000000001
13.66,43.76,1935,78.57215
13.66,43.76,1936,78.4811
13.66,43.76,1937,78.023
13.66,43.76,1938,78.09515
13.66,43.76,1939,78.61160000000001
13.66,43.76,1940,78.9455
13.66,43.76,1941,79.91585
13.66,43.76,1942,79.60055
13.66,43.76,1943,78.78725
13.66,43.76,1944,79.37495
13.66,43.76,1945,79.38185
13.66,43.76,1946,78.75365000000001
13.66,43.76,1947,79.1255
13.66,43.76,1948,78.9848
13.66,43.76,1949,78.49520000000001
13.66,43.76,1950,77.95025000000001
13.66,43.76,1951,78.69935
13.66,43.76,1952,78.53285
13.66,43.76,1953,78.8561
13.66,43.76,1954,78.73295
13.66,43.76,1955,78.3302
13.66,43.76,1956,77.95505
13.66,43.76,1957,78.04804999999999
13.66,43.76,1958,79.22794999999999
13.66,43.76,1959,78.4091
13.66,43.76,1960,78.78755
13.66,43.76,1961,78.96289999999999
13.66,43.76,1962,78.78155000000001
13.66,43.76,1963,79.2959
13.66,43.76,1964,78.41615
13.66,43.76,1965,78.01295
13.66,43.76,1966,78.99350000000001
13.66,43.76,1967,78.6221
13.66,43.76,1968,78.4415
13.66,43.76,1969,79.53185
13.66,43.76,1970,79.03699999999999
13.66,43.76,1971,78.32254999999999
13.66,43.76,1972,79.322
13.66,43.76,1973,79.05305
13.66,43.76,1974,78.21424999999999
13.66,43.76,1975,78.1604
13.66,43.76,1976,78.3269
13.66,43.76,1977,79.28495000000001
13.66,43.76,1978,79.42895000000001
13.66,43.76,1979,79.37675
13.66,43.76,1980,79.93535
13.66,43.76,1981,79.0793
13.66,43.76,1982,78.80030000000001
13.66,43.76,1983,79.1876
13.66,43.76,1984,78.58625
13.66,43.76,1985,78.25595
13.66,43.76,1986,78.41945
13.66,43.76,1987,79.21535
13.66,43.76,1988,79.7432
13.66,43.76,1989,78.54515
13.66,43.76,1990,79.4315
13.66,43.76,1991,79.58465
13.66,43.76,1992,78.92360000000001
13.66,43.76,1993,78.7871
13.66,43.76,1994,79.5314
13.66,43.76,1995,79.4504
13.66,43.76,1996,79.33265
13.66,43.76,1997,79.7873
13.66,43.76,1998,80.59715
13.66,43.76,1999,80.23925
13.66,43.76,2000,81.0479
13.66,43.76,2001,79.90385
13.66,43.76,2002,79.95349999999999
13.66,43.76,2003,80.6078
13.66,43.76,2004,80.4656
13.66,43.76,2005,80.85034999999999
13.66,43.76,2006,80.5826
13.66,43.76,2007,80.5226
13.66,43.76,2008,79.85884999999999
13.66,43.76,2009,80.62355
13.66,43.76,2010,80.327
13.66,43.76,2011,80.2355
13.66,43.76,2012,80.93315
13.66,43.76,2013,82.279175
13.66,45.41,1900,77.5406
13.66,45.41,1901,77.27705
13.66,45.41,1902,77.6468
13.66,45.41,1903,77.06165
13.66,45.41,1904,77.52395
13.66,45.41,1905,77.5352
13.66,45.41,1906,77.3534
13.66,45.41,1907,76.9688
13.66,45.41,1908,76.90025
13.66,45.41,1909,77.65984999999999
13.66,45.41,1910,77.6597
13.66,45.41,1911,77.57600000000001
13.66,45.41,1912,77.08775
13.66,45.41,1913,76.9589
13.66,45.41,1914,77.71130000000001
13.66,45.41,1915,78.4019
13.66,45.41,1916,76.72760000000001
13.66,45.41,1917,77.03255
13.66,45.41,1918,76.70915
13.66,45.41,1919,77.6747
13.66,45.41,1920,77.67920000000001
13.66,45.41,1921,77.00345
13.66,45.41,1922,76.7756
13.66,45.41,1923,77.1185
13.66,45.41,1924,77.82335
13.66,45.41,1925,77.5745
13.66,45.41,1926,78.42725
13.66,45.41,1927,77.8487
13.66,45.41,1928,77.8697
13.66,45.41,1929,77.96135
13.66,45.41,1930,77.76725
13.66,45.41,1931,77.98700000000001
13.66,45.41,1932,77.2277
13.66,45.41,1933,77.5835
13.66,45.41,1934,77.3432
13.66,45.41,1935,77.7272
13.66,45.41,1936,77.8694
13.66,45.41,1937,77.0564
13.66,45.41,1938,77.00659999999999
13.66,45.41,1939,77.61185
13.66,45.41,1940,78.16625
13.66,45.41,1941,79.0745
13.66,45.41,1942,78.76985
13.66,45.41,1943,78.04684999999999
13.66,45.41,1944,78.5063
13.66,45.41,1945,78.49865
13.66,45.41,1946,77.90765
13.66,45.41,1947,78.23150000000001
13.66,45.41,1948,78.1541
13.66,45.41,1949,77.70230000000001
13.66,45.41,1950,77.1953
13.66,45.41,1951,78.0818
13.66,45.41,1952,77.69015
13.66,45.41,1953,78.09365
13.66,45.41,1954,77.94635
13.66,45.41,1955,77.47055
13.66,45.41,1956,77.25395
13.66,45.41,1957,77.3975
13.66,45.41,1958,78.4103
13.66,45.41,1959,77.83070000000001
13.66,45.41,1960,78.02074999999999
13.66,45.41,1961,78.14345
13.66,45.41,1962,77.82169999999999
13.66,45.41,1963,78.113
13.66,45.41,1964,77.68639999999999
13.66,45.41,1965,77.16365
13.66,45.41,1966,78.2816
13.66,45.41,1967,77.9369
13.66,45.41,1968,77.72285
13.66,45.41,1969,78.5516
13.66,45.41,1970,78.15605
13.66,45.41,1971,77.6579
13.66,45.41,1972,78.67085
13.66,45.41,1973,78.2246
13.66,45.41,1974,77.56700000000001
13.66,45.41,1975,77.1542
13.66,45.41,1976,77.43935
13.66,45.41,1977,78.70415
13.66,45.41,1978,78.88685
13.66,45.41,1979,78.6458
13.66,45.41,1980,79.0214
13.66,45.41,1981,78.4094
13.66,45.41,1982,77.86715000000001
13.66,45.41,1983,78.3491
13.66,45.41,1984,77.60404999999999
13.66,45.41,1985,77.36749999999999
13.66,45.41,1986,77.60600000000001
13.66,45.41,1987,78.4937
13.66,45.41,1988,78.78155000000001
13.66,45.41,1989,77.61095
13.66,45.41,1990,78.5594
13.66,45.41,1991,78.73475
13.66,45.41,1992,78.21664999999999
13.66,45.41,1993,78.03649999999999
13.66,45.41,1994,79.06700000000001
13.66,45.41,1995,78.6272
13.66,45.41,1996,78.47405
13.66,45.41,1997,79.15294999999999
13.66,45.41,1998,79.87115
13.66,45.41,1999,79.69069999999999
13.66,45.41,2000,80.4074
13.66,45.41,2001,79.15985
13.66,45.41,2002,79.16765
13.66,45.41,2003,79.80245000000001
13.66,45.41,2004,79.898
13.66,45.41,2005,80.07905
13.66,45.41,2006,79.73885
13.66,45.41,2007,79.70585
13.66,45.41,2008,79.04735
13.66,45.41,2009,79.90610000000001
13.66,45.41,2010,79.5263
13.66,45.41,2011,79.5395
13.66,45.41,2012,80.05355
13.66,45.41,2013,81.37242499999999
23.31,88.25,1900,79.5275
23.31,88.25,1901,79.18925
23.31,88.25,1902,78.98015
23.31,88.25,1903,79.11635000000001
23.31,88.25,1904,78.6437
23.31,88.25,1905,77.55845
23.31,88.25,1906,78.88145
23.31,88.25,1907,78.596
23.31,88.25,1908,79.03175
23.31,88.25,1909,78.98345
23.31,88.25,1910,78.44585
23.31,88.25,1911,78.5801
23.31,88.25,1912,78.7529
23.31,88.25,1913,78.00485
23.31,88.25,1914,78.42590000000001
23.31,88.25,1915,79.4459
23.31,88.25,1916,79.03295
23.31,88.25,1917,78.0914
23.31,88.25,1918,78.2606
23.31,88.25,1919,78.9185
23.31,88.25,1920,79.13855
23.31,88.25,1921,79.06505
23.31,88.25,1922,79.0634
23.31,88.25,1923,78.9983
23.31,88.25,1924,79.7864
23.31,88.25,1925,78.3503
23.31,88.25,1926,78.85655
23.31,88.25,1927,79.01675
23.31,88.25,1928,79.38815
23.31,88.25,1929,78.88235
23.31,88.25,1930,78.80945
23.31,88.25,1931,79.51595
23.31,88.25,1932,79.5806
23.31,88.25,1933,78.4775
23.31,88.25,1934,78.88775
23.31,88.25,1935,79.30055
23.31,88.25,1936,78.9287
23.31,88.25,1937,78.45005
23.31,88.25,1938,79.19614999999999
23.31,88.25,1939,79.61705
23.31,88.25,1940,79.1939
23.31,88.25,1941,79.8953
23.31,88.25,1942,79.64735
23.31,88.25,1943,79.1951
23.31,88.25,1944,79.2281
23.31,88.25,1945,78.76685
23.31,88.25,1946,79.04
23.31,88.25,1947,79.679
23.31,88.25,1948,79.247
23.31,88.25,1949,78.5726
23.31,88.25,1950,79.08755000000001
23.31,88.25,1951,79.9823
23.31,88.25,1952,79.5017
23.31,88.25,1953,80.13335
23.31,88.25,1954,79.6157
23.31,88.25,1955,79.48745
23.31,88.25,1956,79.05515
23.31,88.25,1957,79.92485
23.31,88.25,1958,80.93735000000001
23.31,88.25,1959,79.34299999999999
23.31,88.25,1960,79.8617
23.31,88.25,1961,79.1816
23.31,88.25,1962,79.13075
23.31,88.25,1963,79.43585
23.31,88.25,1964,79.91645
23.31,88.25,1965,79.38275
23.31,88.25,1966,80.1959
23.31,88.25,1967,79.37045
23.31,88.25,1968,79.0784
23.31,88.25,1969,79.8299
23.31,88.25,1970,79.53035
23.31,88.25,1971,78.09395
23.31,88.25,1972,79.56395
23.31,88.25,1973,79.50275
23.31,88.25,1974,79.31615000000001
23.31,88.25,1975,79.4393
23.31,88.25,1976,79.76255
23.31,88.25,1977,79.35815
23.31,88.25,1978,79.0619
23.31,88.25,1979,80.59100000000001
23.31,88.25,1980,79.99565
23.31,88.25,1981,78.7013
23.31,88.25,1982,79.67255
23.31,88.25,1983,79.37989999999999
23.31,88.25,1984,79.1921
23.31,88.25,1985,80.00630000000001
23.31,88.25,1986,79.6199
23.31,88.25,1987,80.3375
23.31,88.25,1988,80.40215
23.31,88.25,1989,79.69024999999999
23.31,88.25,1990,79.45235
23.31,88.25,1991,79.7753
23.31,88.25,1992,79.5428
23.31,88.25,1993,79.42055
23.31,88.25,1994,79.77305
23.31,88.25,1995,79.9106
23.31,88.25,1996,79.9688
23.31,88.25,1997,79.1414
23.31,88.25,1998,80.0378
23.31,88.25,1999,80.35325
23.31,88.25,2000,79.6844
23.31,88.25,2001,79.7273
23.31,88.25,2002,80.06705
23.31,88.25,2003,79.8104
23.31,88.25,2004,79.9418
23.31,88.25,2005,80.1125
23.31,88.25,2006,80.57525
23.31,88.25,2007,79.85225
23.31,88.25,2008,79.7402
23.31,88.25,2009,80.87585
23.31,88.25,2010,81.1199
23.31,88.25,2011,79.53245
23.31,88.25,2012,80.48315
23.31,88.25,2013,81.26465
23.31,90.0,1900,78.6959
23.31,90.0,1901,78.30035000000001
23.31,90.0,1902,77.76845
23.31,90.0,1903,78.06965
23.31,90.0,1904,77.60315
23.31,90.0,1905,76.553
23.31,90.0,1906,77.92085
23.31,90.0,1907,77.67605
23.31,90.0,1908,77.93554999999999
23.31,90.0,1909,78.0833
23.31,90.0,1910,77.32805
23.31,90.0,1911,77.4041
23.31,90.0,1912,77.7104
23.31,90.0,1913,77.2019
23.31,90.0,1914,77.5034
23.31,90.0,1915,78.446
23.31,90.0,1916,78.0125
23.31,90.0,1917,77.399
23.31,90.0,1918,77.23175
23.31,90.0,1919,78.1457
23.31,90.0,1920,78.02375
23.31,90.0,1921,77.87944999999999
23.31,90.0,1922,78.38674999999999
23.31,90.0,1923,78.01729999999999
23.31,90.0,1924,78.6536
23.31,90.0,1925,77.31545
23.31,90.0,1926,77.9264
23.31,90.0,1927,77.80235
23.31,90.0,1928,78.26195
23.31,90.0,1929,77.7953
23.31,90.0,1930,77.6717
23.31,90.0,1931,78.3917
23.31,90.0,1932,78.53225
23.31,90.0,1933,77.77610000000001
23.31,90.0,1934,77.8577
23.31,90.0,1935,78.27425000000001
23.31,90.0,1936,78.04249999999999
23.31,90.0,1937,77.5856
23.31,90.0,1938,78.27499999999999
23.31,90.0,1939,78.68195
23.31,90.0,1940,78.20405
23.31,90.0,1941,78.68045
23.31,90.0,1942,78.58895
23.31,90.0,1943,78.1658
23.31,90.0,1944,78.1385
23.31,90.0,1945,77.80145
23.31,90.0,1946,78.1244
23.31,90.0,1947,78.57964999999999
23.31,90.0,1948,78.31655
23.31,90.0,1949,77.63945000000001
23.31,90.0,1950,78.27154999999999
23.31,90.0,1951,78.8861
23.31,90.0,1952,78.52775
23.31,90.0,1953,78.90635
23.31,90.0,1954,78.5447
23.31,90.0,1955,78.3323
23.31,90.0,1956,78.1403
23.31,90.0,1957,78.704
23.31,90.0,1958,79.7603
23.31,90.0,1959,78.12469999999999
23.31,90.0,1960,78.99905
23.31,90.0,1961,78.2996
23.31,90.0,1962,78.27395
23.31,90.0,1963,78.4679
23.31,90.0,1964,78.89015
23.31,90.0,1965,78.356
23.31,90.0,1966,79.1144
23.31,90.0,1967,78.2663
23.31,90.0,1968,78.1976
23.31,90.0,1969,78.63874999999999
23.31,90.0,1970,78.62525
23.31,90.0,1971,77.48765
23.31,90.0,1972,78.59764999999999
23.31,90.0,1973,78.64385
23.31,90.0,1974,78.22445
23.31,90.0,1975,78.38345
23.31,90.0,1976,78.6845
23.31,90.0,1977,78.4505
23.31,90.0,1978,78.28925
23.31,90.0,1979,79.6019
23.31,90.0,1980,78.78725
23.31,90.0,1981,77.94035
23.31,90.0,1982,78.4343
23.31,90.0,1983,78.446
23.31,90.0,1984,78.26165
23.31,90.0,1985,79.0928
23.31,90.0,1986,78.85549999999999
23.31,90.0,1987,79.5176
23.31,90.0,1988,79.4618
23.31,90.0,1989,78.88145
23.31,90.0,1990,78.76085
23.31,90.0,1991,78.5258
23.31,90.0,1992,78.54335
23.31,90.0,1993,78.3206
23.31,90.0,1994,78.63125
23.31,90.0,1995,78.9569
23.31,90.0,1996,79.07405
23.31,90.0,1997,77.99329999999999
23.31,90.0,1998,79.03144999999999
23.31,90.0,1999,79.3655
23.31,90.0,2000,78.62944999999999
23.31,90.0,2001,78.67625
23.31,90.0,2002,78.971
23.31,90.0,2003,78.66935
23.31,90.0,2004,79.04494999999999
23.31,90.0,2005,79.148
23.31,90.0,2006,79.59275
23.31,90.0,2007,78.7124
23.31,90.0,2008,78.8081
23.31,90.0,2009,79.76405
23.31,90.0,2010,79.9667
23.31,90.0,2011,78.44585
23.31,90.0,2012,79.31045
23.31,90.0,2013,79.8566
24.92,88.67,1900,77.8232
24.92,88.67,1901,77.74925
24.92,88.67,1902,77.31245
24.92,88.67,1903,77.6063
24.92,88.67,1904,77.2175
24.92,88.67,1905,75.9794
24.92,88.67,1906,77.45015000000001
24.92,88.67,1907,77.04305
24.92,88.67,1908,77.6258
24.92,88.67,1909,77.66810000000001
24.92,88.67,1910,76.994
24.92,88.67,1911,76.89349999999999
24.92,88.67,1912,77.06524999999999
24.92,88.67,1913,76.5932
24.92,88.67,1914,76.982
24.92,88.67,1915,78.07505
24.92,88.67,1916,77.6288
24.92,88.67,1917,76.81985
24.92,88.67,1918,76.77335
24.92,88.67,1919,77.5397
24.92,88.67,1920,77.5697
24.92,88.67,1921,77.5289
24.92,88.67,1922,77.84209999999999
24.92,88.67,1923,77.5745
24.92,88.67,1924,78.1181
24.92,88.67,1925,76.6463
24.92,88.67,1926,77.2946
24.92,88.67,1927,77.2907
24.92,88.67,1928,77.84555
24.92,88.67,1929,77.2442
24.92,88.67,1930,77.21675
24.92,88.67,1931,77.95565
24.92,88.67,1932,78.07204999999999
24.92,88.67,1933,77.10319999999999
24.92,88.67,1934,77.28305
24.92,88.67,1935,77.71130000000001
24.92,88.67,1936,77.34035
24.92,88.67,1937,77.1626
24.92,88.67,1938,77.8463
24.92,88.67,1939,78.23165
24.92,88.67,1940,77.79995
24.92,88.67,1941,78.33335
24.92,88.67,1942,78.06694999999999
24.92,88.67,1943,77.67245
24.92,88.67,1944,77.63345000000001
24.92,88.67,1945,77.31155
24.92,88.67,1946,77.75705
24.92,88.67,1947,78.26689999999999
24.92,88.67,1948,77.69
24.92,88.67,1949,77.0153
24.92,88.67,1950,77.6723
24.92,88.67,1951,78.401
24.92,88.67,1952,77.9726
24.92,88.67,1953,78.5429
24.92,88.67,1954,78.18635
24.92,88.67,1955,78.03875
24.92,88.67,1956,77.62445
24.92,88.67,1957,78.19025
24.92,88.67,1958,79.364
24.92,88.67,1959,77.72254999999998
24.92,88.67,1960,78.56915
24.92,88.67,1961,77.78135
24.92,88.67,1962,77.7704
24.92,88.67,1963,77.8973
24.92,88.67,1964,78.2063
24.92,88.67,1965,77.79079999999999
24.92,88.67,1966,78.7133
24.92,88.67,1967,77.62745000000001
24.92,88.67,1968,77.45345
24.92,88.67,1969,78.27575
24.92,88.67,1970,78.122
24.92,88.67,1971,76.84715
24.92,88.67,1972,77.80879999999999
24.92,88.67,1973,78.0074
24.92,88.67,1974,77.81015
24.92,88.67,1975,78.11015
24.92,88.67,1976,78.12425
24.92,88.67,1977,77.82034999999999
24.92,88.67,1978,77.5091
24.92,88.67,1979,78.87035
24.92,88.67,1980,78.25325000000001
24.92,88.67,1981,77.31545
24.92,88.67,1982,77.9084
24.92,88.67,1983,77.62685
24.92,88.67,1984,77.75540000000001
24.92,88.67,1985,78.5585
24.92,88.67,1986,78.06545
24.92,88.67,1987,78.82235
24.92,88.67,1988,78.99634999999999
24.92,88.67,1989,78.2297
24.92,88.67,1990,78.17869999999999
24.92,88.67,1991,77.95265
24.92,88.67,1992,77.95429999999999
24.92,88.67,1993,77.7764
24.92,88.67,1994,78.2744
24.92,88.67,1995,78.4058
24.92,88.67,1996,78.50435
24.92,88.67,1997,77.4116
24.92,88.67,1998,78.56360000000001
24.92,88.67,1999,79.05965
24.92,88.67,2000,78.0056
24.92,88.67,2001,78.31025
24.92,88.67,2002,78.20254999999999
24.92,88.67,2003,78.17734999999999
24.92,88.67,2004,78.27829999999999
24.92,88.67,2005,78.6092
24.92,88.67,2006,79.21625
24.92,88.67,2007,78.51515
24.92,88.67,2008,78.4469
24.92,88.67,2009,79.3922
24.92,88.67,2010,79.64825
24.92,88.67,2011,78.14179999999999
24.92,88.67,2012,78.70490000000001
24.92,88.67,2013,79.69662500000001
24.92,90.44,1900,76.6631
24.92,90.44,1901,76.49435
24.92,90.44,1902,75.77435
24.92,90.44,1903,76.15145
24.92,90.44,1904,75.82489999999999
24.92,90.44,1905,74.72375
24.92,90.44,1906,76.0916
24.92,90.44,1907,75.7094
24.92,90.44,1908,76.17935
24.92,90.44,1909,76.48655
24.92,90.44,1910,75.61054999999999
24.92,90.44,1911,75.42845
24.92,90.44,1912,75.72049999999999
24.92,90.44,1913,75.5402
24.92,90.44,1914,75.82715
24.92,90.44,1915,76.69565
24.92,90.44,1916,76.2689
24.92,90.44,1917,75.84094999999999
24.92,90.44,1918,75.53614999999999
24.92,90.44,1919,76.45115
24.92,90.44,1920,76.12610000000001
24.92,90.44,1921,76.0166
24.92,90.44,1922,76.92665
24.92,90.44,1923,76.3292
24.92,90.44,1924,76.77680000000001
24.92,90.44,1925,75.3047
24.92,90.44,1926,76.04945000000001
24.92,90.44,1927,75.779
24.92,90.44,1928,76.3442
24.92,90.44,1929,75.8075
24.92,90.44,1930,75.7157
24.92,90.44,1931,76.48625
24.92,90.44,1932,76.6139
24.92,90.44,1933,76.05665
24.92,90.44,1934,75.85895000000001
24.92,90.44,1935,76.3706
24.92,90.44,1936,76.12219999999999
24.92,90.44,1937,76.08619999999999
24.92,90.44,1938,76.62065
24.92,90.44,1939,76.93535
24.92,90.44,1940,76.44335000000001
24.92,90.44,1941,76.78715
24.92,90.44,1942,76.6778
24.92,90.44,1943,76.31075
24.92,90.44,1944,76.34195
24.92,90.44,1945,76.08875
24.92,90.44,1946,76.51729999999999
24.92,90.44,1947,76.80095
24.92,90.44,1948,76.16135
24.92,90.44,1949,75.77765
24.92,90.44,1950,76.61825
24.92,90.44,1951,76.8248
24.92,90.44,1952,76.62575
24.92,90.44,1953,77.01395
24.92,90.44,1954,76.76075
24.92,90.44,1955,76.56575000000001
24.92,90.44,1956,76.4303
24.92,90.44,1957,76.83035000000001
24.92,90.44,1958,77.78045
24.92,90.44,1959,76.31945
24.92,90.44,1960,77.47625
24.92,90.44,1961,76.5572
24.92,90.44,1962,76.5644
24.92,90.44,1963,76.6199
24.92,90.44,1964,76.81775
24.92,90.44,1965,76.505
24.92,90.44,1966,77.22545
24.92,90.44,1967,76.17365
24.92,90.44,1968,76.22015
24.92,90.44,1969,76.7948
24.92,90.44,1970,76.7903
24.92,90.44,1971,75.89855
24.92,90.44,1972,76.41739999999999
24.92,90.44,1973,76.8986
24.92,90.44,1974,76.44364999999999
24.92,90.44,1975,76.6319
24.92,90.44,1976,76.532
24.92,90.44,1977,76.41305
24.92,90.44,1978,76.45655
24.92,90.44,1979,77.64515
24.92,90.44,1980,76.85735
24.92,90.44,1981,76.4228
24.92,90.44,1982,76.6118
24.92,90.44,1983,76.44665
24.92,90.44,1984,76.54265000000001
24.92,90.44,1985,77.1335
24.92,90.44,1986,76.8773
24.92,90.44,1987,77.64335
24.92,90.44,1988,77.6705
24.92,90.44,1989,76.9328
24.92,90.44,1990,76.93835
24.92,90.44,1991,76.45655
24.92,90.44,1992,76.65515
24.92,90.44,1993,76.35665
24.92,90.44,1994,76.90535
24.92,90.44,1995,77.12225
24.92,90.44,1996,77.26505
24.92,90.44,1997,76.0136
24.92,90.44,1998,77.30375000000001
24.92,90.44,1999,77.8679
24.92,90.44,2000,76.52779999999998
24.92,90.44,2001,76.98695000000001
24.92,90.44,2002,76.922
24.92,90.44,2003,76.78505
24.92,90.44,2004,76.9481
24.92,90.44,2005,77.23715
24.92,90.44,2006,77.84389999999999
24.92,90.44,2007,77.0843
24.92,90.44,2008,77.16305
24.92,90.44,2009,78.03739999999999
24.92,90.44,2010,77.94515
24.92,90.44,2011,76.82165
24.92,90.44,2012,77.0411
24.92,90.44,2013,78.23547500000001
26.52,89.55,1900,71.06735
26.52,89.55,1901,71.00389999999999
26.52,89.55,1902,70.30189999999999
26.52,89.55,1903,70.75954999999999
26.52,89.55,1904,70.49915
26.52,89.55,1905,69.29255
26.52,89.55,1906,70.8005
26.52,89.55,1907,70.28479999999999
26.52,89.55,1908,70.937
26.52,89.55,1909,71.11355
26.52,89.55,1910,70.32124999999999
26.52,89.55,1911,70.0253
26.52,89.55,1912,70.19585
26.52,89.55,1913,69.95825
26.52,89.55,1914,70.3637
26.52,89.55,1915,71.45915
26.52,89.55,1916,70.82929999999999
26.52,89.55,1917,70.29754999999999
26.52,89.55,1918,70.1765
26.52,89.55,1919,70.95095
26.52,89.55,1920,70.71905
26.52,89.55,1921,70.64165
26.52,89.55,1922,71.27210000000001
26.52,89.55,1923,70.7615
26.52,89.55,1924,71.1959
26.52,89.55,1925,69.8432
26.52,89.55,1926,70.5536
26.52,89.55,1927,70.31224999999999
26.52,89.55,1928,71.11909999999999
26.52,89.55,1929,70.4012
26.52,89.55,1930,70.4525
26.52,89.55,1931,71.13605
26.52,89.55,1932,71.1524
26.52,89.55,1933,70.60175000000001
26.52,89.55,1934,70.48490000000001
26.52,89.55,1935,70.80725000000001
26.52,89.55,1936,70.62155
26.52,89.55,1937,70.7558
26.52,89.55,1938,71.13185
26.52,89.55,1939,71.44550000000001
26.52,89.55,1940,70.97975
26.52,89.55,1941,71.52364999999999
26.52,89.55,1942,71.37604999999999
26.52,89.55,1943,70.9019
26.52,89.55,1944,70.91494999999999
26.52,89.55,1945,70.7153
26.52,89.55,1946,71.44775
26.52,89.55,1947,71.4824
26.52,89.55,1948,70.8194
26.52,89.55,1949,70.51685
26.52,89.55,1950,71.00765
26.52,89.55,1951,71.5241
26.52,89.55,1952,71.3699
26.52,89.55,1953,71.60915
26.52,89.55,1954,71.56595
26.52,89.55,1955,71.23865
26.52,89.55,1956,71.08025
26.52,89.55,1957,71.22395
26.52,89.55,1958,72.29390000000001
26.52,89.55,1959,71.1545
26.52,89.55,1960,71.96
26.52,89.55,1961,71.11175
26.52,89.55,1962,70.9592
26.52,89.55,1963,70.89920000000001
26.52,89.55,1964,71.46334999999999
26.52,89.55,1965,70.60565
26.52,89.55,1966,71.6798
26.52,89.55,1967,70.67375
26.52,89.55,1968,70.51385
26.52,89.55,1969,71.6447
26.52,89.55,1970,71.29745
26.52,89.55,1971,70.5014
26.52,89.55,1972,71.0057
26.52,89.55,1973,71.65445
26.52,89.55,1974,71.1872
26.52,89.55,1975,71.45435
26.52,89.55,1976,71.4734
26.52,89.55,1977,71.12134999999999
26.52,89.55,1978,70.8308
26.52,89.55,1979,71.98895
26.52,89.55,1980,71.46545
26.52,89.55,1981,71.00195000000001
26.52,89.55,1982,71.1539
26.52,89.55,1983,70.6181
26.52,89.55,1984,71.34545
26.52,89.55,1985,71.8106
26.52,89.55,1986,71.12885
26.52,89.55,1987,71.7347
26.52,89.55,1988,72.2399
26.52,89.55,1989,71.4323
26.52,89.55,1990,71.53625
26.52,89.55,1991,71.02265
26.52,89.55,1992,70.95005
26.52,89.55,1993,71.08715000000001
26.52,89.55,1994,71.55425
26.52,89.55,1995,71.70365
26.52,89.55,1996,71.71714999999999
26.52,89.55,1997,70.4366
26.52,89.55,1998,72.0044
26.52,89.55,1999,72.44135
26.52,89.55,2000,71.1407
26.52,89.55,2001,71.80985
26.52,89.55,2002,71.4572
26.52,89.55,2003,71.4401
26.52,89.55,2004,71.49095
26.52,89.55,2005,71.79215
26.52,89.55,2006,72.5396
26.52,89.55,2007,72.14734999999999
26.52,89.55,2008,71.9429
26.52,89.55,2009,72.92255
26.52,89.55,2010,72.797
26.52,89.55,2011,71.6897
26.52,89.55,2012,71.6447
26.52,89.55,2013,73.03212500000001
